id,source_id,school,mascot,abbreviation,display_name,short_display_name,primary_color,secondary_color,current_venue_id,current_venue,current_city,current_state,conference_id,conference
264,2561,Siena,Saints,SIE,Siena Saints,Siena,037961,eea60f,71,MVP Arena,Albany,NY,16,MAAC
87,57,Florida,Gators,FLA,Florida Gators,Florida,0021a5,fa4616,240,Stephen C. O'Connell Center,Gainesville,FL,24,SEC
124,2294,Iowa,Hawkeyes,IOWA,Iowa Hawkeyes,Iowa,000000,fcd116,144,Carver-Hawkeye Arena,Iowa City,IA,10,Big Ten
148,309,Louisiana,Ragin' Cajuns,UL,Louisiana Ragin' Cajuns,Louisiana,ce181e,ffffff,127,Cajundome,Lafayette,LA,29,Sun Belt
236,2509,Purdue,Boilermakers,PUR,Purdue Boilermakers,Purdue,000000,cfb991,11,Mackey Arena,West Lafayette,IN,10,Big Ten
29,71,Bradley,Braves,BRAD,Bradley Braves,Bradley,b70002,c0c0c0,121,Carver Arena,Peoria,IL,19,MVC
125,66,Iowa State,Cyclones,ISU,Iowa State Cyclones,Iowa State,822433,fdca2f,4,Hilton Coliseum,Ames,IA,6,Big 12
189,2440,Nevada,Wolf Pack,NEV,Nevada Wolf Pack,Nevada,002d62,ffffff,186,Lawlor Events Center,Reno,NV,20,Mountain West
308,300,UC Irvine,Anteaters,UCI,UC Irvine Anteaters,UC Irvine,002B5C,fec52e,192,Bren Events Center,Irvine,CA,11,Big West
311,2540,UC Santa Barbara,Gauchos,UCSB,UC Santa Barbara Gauchos,Santa Barbara,1e1840,febc11,184,The Thunderdome,Santa Barbara,CA,11,Big West
57,36,Colorado State,Rams,CSU,Colorado State Rams,Colorado St,1e4d2b,c8c372,178,Moby Arena,Fort Collins,CO,20,Mountain West
313,26,UCLA,Bruins,UCLA,UCLA Bruins,UCLA,2774ae,f2a900,16,Pauley Pavilion,Los Angeles,CA,10,Big Ten
253,2608,Saint Mary's,Gaels,SMC,Saint Mary's Gaels,Saint Mary's,d80024,003057,181,University Credit Union Pavilion,Moraga,CA,31,WCC
40,25,California,Golden Bears,CAL,California Golden Bears,California,031522,ffc423,195,Haas Pavilion,Berkeley,CA,2,ACC
258,301,San Diego,Toreros,USD,San Diego Toreros,San Diego,2f99d4,2f99d4,239,Jenny Craig Pavilion,San Diego,CA,31,WCC
224,204,Oregon State,Beavers,ORST,Oregon State Beavers,Oregon St,231f20,d73f09,180,Gill Coliseum,Corvallis,OR,31,WCC
105,2739,Green Bay,Phoenix,GB,Green Bay Phoenix,Green Bay,006633,ffffff,273,Resch Center,Ashwaubenon,WI,14,Horizon
145,299,Long Beach State,Beach,LBSU,Long Beach State Beach,Long Beach St,000000,f1f2f3,190,Walter Pyramid,Long Beach,CA,11,Big West
108,62,Hawai'i,Rainbow Warriors,HAW,Hawai'i Rainbow Warriors,Hawai'i,003420,ffffff,288,Stan Sheriff Center,Honolulu,HI,11,Big West
225,279,Pacific,Tigers,PAC,Pacific Tigers,Pacific,F47820,c2c3c0,182,Alex G. Spanos Center,Stockton,CA,31,WCC
136,99,LSU,Tigers,LSU,LSU Tigers,LSU,461d7c,fdd023,232,Pete Maravich Assembly Center,Baton Rouge,LA,24,SEC
38,2463,Cal State Northridge,Matadors,CSUN,Cal State Northridge Matadors,CSU Northridge,b50000,,351,Premier America Credit Union Arena,Northridge,CA,11,Big West
237,2870,Purdue Fort Wayne,Mastodons,PFW,Purdue Fort Wayne Mastodons,Purdue FW,00378A,f0f0f0,44,Memorial Coliseum (IN),Fort Wayne,IN,14,Horizon
343,264,Washington,Huskies,WASH,Washington Huskies,Washington,33006f,e8d3a2,207,Alaska Airlines Arena,Seattle,WA,10,Big Ten
259,2539,San Francisco,Dons,SF,San Francisco Dons,San Francisco,22523F,fbcd3c,205,The Sobrato Center,San Francisco,CA,31,WCC
35,13,Cal Poly,Mustangs,CP,Cal Poly Mustangs,Cal Poly,1E4D2B,eed897,323,Mott Athletics Center,San Luis Obispo,CA,11,Big West
281,24,Stanford,Cardinal,STAN,Stanford Cardinal,Stanford,8c1515,ffffff,25,Maples Pavilion,Stanford,CA,2,ACC
10,9,Arizona State,Sun Devils,ASU,Arizona State Sun Devils,Arizona St,8e0c3a,ffc72c,203,Desert Financial Arena,Tempe,AZ,6,Big 12
68,2172,Denver,Pioneers,DEN,Denver Pioneers,Denver,98002e,a8996e,268,Hamilton Gymnasium,Denver,CO,28,Summit
355,275,Wisconsin,Badgers,WIS,Wisconsin Badgers,Wisconsin,c4012f,ffffff,142,Kohl Center,Madison,WI,10,Big Ten
92,278,Fresno State,Bulldogs,FRES,Fresno State Bulldogs,Fresno St,c41230,13284c,289,Save Mart Center,Fresno,CA,20,Mountain West
185,152,NC State,Wolfpack,NCSU,NC State Wolfpack,NC State,cc0000,ffffff,74,Lenovo Center,Raleigh,NC,2,ACC
228,2492,Pepperdine,Waves,PEPP,Pepperdine Waves,Pepperdine,003A72,dc762f,233,Firestone Fieldhouse,Malibu,CA,31,WCC
11,12,Arizona,Wildcats,ARIZ,Arizona Wildcats,Arizona,0c234b,ab0520,8,McKale Memorial Center,Tucson,AZ,6,Big 12
205,111,Northeastern,Huskies,NE,Northeastern Huskies,Northeastern,CC0001,c2c3c0,320,Matthews Arena,Boston,MA,12,CAA
163,235,Memphis,Tigers,MEM,Memphis Tigers,Memphis,004991,8e908f,145,FedExForum,Memphis,TN,5,American
97,46,Georgetown,Hoyas,GTWN,Georgetown Hoyas,Georgetown,110E42,001c58,226,Capital One Arena,Washington,DC,7,Big East
263,2550,Seton Hall,Pirates,HALL,Seton Hall Pirates,Seton Hall,0857B1,8a8d8f,107,Prudential Center,Newark,NJ,7,Big East
315,82,UIC,Flames,UIC,UIC Flames,UIC,001e62,d50032,117,Credit Union 1 Arena,Chicago,IL,19,MVC
139,2320,Lamar,Cardinals,LAM,Lamar Cardinals,Lamar,000000,ebebeb,133,Montagne Center,Beaumont,TX,27,Southland
171,2393,Middle Tennessee,Blue Raiders,MTSU,Middle Tennessee Blue Raiders,MTSU,006db6,ffffff,20,Murphy Center,Murfreesboro,TN,13,CUSA
227,219,Pennsylvania,Quakers,PENN,Pennsylvania Quakers,Penn,082A74,a6163d,252,The Palestra,Philadelphia,PA,15,Ivy
234,163,Princeton,Tigers,PRIN,Princeton Tigers,Princeton,000000,ff6000,89,Jadwin Gymnasium,Princeton,NJ,15,Ivy
239,2515,Radford,Highlanders,RAD,Radford Highlanders,Radford,BC1515,c2c3c0,274,The Dedmon Center,Radford,VA,9,Big South
241,242,Rice,Owls,RICE,Rice Owls,Rice,d1d5d8,ffffff,197,Tudor Fieldhouse,Houston,TX,5,American
71,2182,Drexel,Dragons,DREX,Drexel Dragons,Drexel,020260,ffd65a,33,Daskalakis Athletic Center,Philadelphia,PA,12,CAA
41,2097,Campbell,Fighting Camels,CAM,Campbell Fighting Camels,Campbell,000000,,100,John W. Pope Jr. Convocation Center,Buies Creek,NC,12,CAA
238,2514,Quinnipiac,Bobcats,QUIN,Quinnipiac Bobcats,Quinnipiac,041B43,,249,M&T Bank Arena,Hamden,CT,16,MAAC
43,2110,Central Arkansas,Bears,CARK,Central Arkansas Bears,C Arkansas,a7a9ac,8e959a,349,Farris Center,Conway,AR,3,ASUN
8,44,American University,Eagles,AMER,American University Eagles,American,c41130,c8102e,318,Bender Arena,Washington,DC,23,Patriot
52,228,Clemson,Tigers,CLEM,Clemson Tigers,Clemson,f56600,522d80,91,Littlejohn Coliseum,Clemson,SC,2,ACC
60,172,Cornell,Big Red,COR,Cornell Big Red,Cornell,d60027,101010,60,Newman Arena,Ithaca,NY,15,Ivy
72,150,Duke,Blue Devils,DUKE,Duke Blue Devils,Duke,013088,ffffff,6,Cameron Indoor Stadium,Durham,NC,2,ACC
78,2198,Eastern Kentucky,Colonels,EKU,Eastern Kentucky Colonels,E Kentucky,660819,f0f0f0,441,Baptist Health Arena,Richmond,KY,3,ASUN
250,2529,Sacred Heart,Pioneers,SHU,Sacred Heart Pioneers,Sacred Heart,a40012,c29472,387,William H. Pitt Center,Fairfield,CT,16,MAAC
272,2546,Southeast Missouri State,Redhawks,SEMO,Southeast Missouri State Redhawks,SE Missouri,c8102e,000000,347,Show Me Center,Cape Girardeau,MO,22,OVC
323,30,USC,Trojans,USC,USC Trojans,USC,9e2237,ffcc00,187,Galen Center,Los Angeles,CA,10,Big Ten
247,2565,SIU Edwardsville,Cougars,SIUE,SIU Edwardsville Cougars,SIUE,eb1c23,080808,156,First Community Arena,Edwardsville,IL,22,OVC
210,94,Northern Kentucky,Norse,NKU,Northern Kentucky Norse,N Kentucky,ffc82e,000000,354,Truist Arena,Highland Heights,KY,14,Horizon
354,2737,Winthrop,Eagles,WIN,Winthrop Eagles,Winthrop,9e0b0e,fdb41e,37,Winthrop Coliseum,Rock Hill,SC,9,Big South
360,43,Yale,Bulldogs,YALE,Yale Bulldogs,Yale,004a81,286dc0,126,John J. Lee Amphitheater,New Haven,CT,15,Ivy
24,2066,Binghamton,Bearcats,BING,Binghamton Bearcats,Binghamton,00614A,f0f0f0,244,Events Center (Binghamton),Binghamton,NY,4,Am. East
5,333,Alabama,Crimson Tide,ALA,Alabama Crimson Tide,Alabama,9e1632,ffffff,2,Coleman Coliseum,Tuscaloosa,AL,24,SEC
193,2443,New Orleans,Privateers,UNO,New Orleans Privateers,New Orleans,005da6,a2a9ae,304,Lakefront Arena,New Orleans,LA,27,Southland
339,258,Virginia,Cavaliers,UVA,Virginia Cavaliers,Virginia,232d4b,f84c1e,227,John Paul Jones Arena,Charlottesville,VA,2,ACC
103,2755,Grambling,Tigers,GRAM,Grambling Tigers,Grambling,ee8601,ffd10a,163,Fredrick C. Hobdy Assembly Center,Grambling,LA,25,SWAC
116,304,Idaho State,Bengals,IDST,Idaho State Bengals,Idaho St,ef8c00,e9a126,329,ICCU Dome,Pocatello,ID,8,Big Sky
119,2287,Illinois State,Redbirds,ILST,Illinois State Redbirds,Illinois St,CE1126,ffe716,120,CEFCU Arena,Normal,IL,19,MVC
151,2350,Loyola Chicago,Ramblers,LUC,Loyola Chicago Ramblers,Loyola Chicago,9d1244,,160,Gentile Arena,Chicago,IL,1,A-10
156,2368,Marist,Red Foxes,MRST,Marist Red Foxes,Marist,e53730,f0f0f0,364,McCann Arena,Poughkeepsie,NY,16,MAAC
158,276,Marshall,Thundering Herd,MRSH,Marshall Thundering Herd,Marshall,00ae42,be854c,49,Cam Henderson Center,Huntington,WV,29,Sun Belt
190,160,New Hampshire,Wildcats,UNH,New Hampshire Wildcats,New Hampshire,004990,c3c4c6,219,Lundholm Gymnasium,Durham,NH,4,Am. East
192,166,New Mexico State,Aggies,NMSU,New Mexico State Aggies,New Mexico St,891216,000000,167,Pan American Center,Las Cruces,NM,13,CUSA
204,249,North Texas,Mean Green,UNT,North Texas Mean Green,North Texas,ffffff,000000,200,The Super Pit,Denton,TX,5,American
211,2466,Northwestern State,Demons,NWST,Northwestern State Demons,N'Western St,492F91,ed6118,99,Prather Coliseum,Natchitoches,LA,27,Southland
219,295,Old Dominion,Monarchs,ODU,Old Dominion Monarchs,Old Dominion,00507d,a1d2f1,68,Chartway Arena,Norfolk,VA,29,Sun Belt
226,213,Penn State,Nittany Lions,PSU,Penn State Nittany Lions,Penn State,00265D,002e5c,108,Bryce Jordan Center,University Park,PA,10,Big Ten
243,2520,Rider,Broncs,RID,Rider Broncs,Rider,a80532,ebebeb,408,Alumni Gymnasium (Rider),Lawrenceville,NJ,16,MAAC
126,2296,Jackson State,Tigers,JKST,Jackson State Tigers,Jackson St,123297,b5b7ba,442,Lee E. Williams Athletics and Assembly Center,Jackson,MS,25,SWAC
252,139,Saint Louis,Billikens,SLU,Saint Louis Billikens,Saint Louis,00539C,ebebeb,321,Chaifetz Arena,St. Louis,MO,1,A-10
209,2460,Northern Iowa,Panthers,UNI,Northern Iowa Panthers,Northern Iowa,473282,ffffff,139,McLeod Center,Cedar Falls,IA,19,MVC
201,155,North Dakota,Fighting Hawks,UND,North Dakota Fighting Hawks,North Dakota,00A26B,c2c3c0,334,Betty Engelstad Sioux Center,Grand Forks,ND,28,Summit
50,2130,Chicago State,Cougars,CHST,Chicago State Cougars,Chicago St,006700,,312,Jones Convocation Center,Chicago,IL,21,NEC
90,52,Florida State,Seminoles,FSU,Florida State Seminoles,Florida St,782f40,ceb888,81,Tucker Center,Tallahassee,FL,2,ACC
16,2,Auburn,Tigers,AUB,Auburn Tigers,Auburn,002b5c,f26522,209,Neville Arena,Auburn,AL,24,SEC
46,232,Charleston,Cougars,COFC,Charleston Cougars,Charleston,7a2531,9e8959,275,TD Arena,Charleston,SC,12,CAA
314,41,UConn,Huskies,CONN,UConn Huskies,UConn,0c2340,f1f2f3,208,Gampel Pavilion,Storrs,CT,7,Big East
67,2169,Delaware State,Hornets,DSU,Delaware State Hornets,Delaware St,FF3630,009cdd,336,Memorial Hall (DE),Dover,DE,18,MEAC
73,2184,Duquesne,Dukes,DUQ,Duquesne Dukes,Duquesne,002D62,b90b2e,146,UPMC Cooper Fieldhouse,Pittsburgh,PA,1,A-10
80,331,Eastern Washington,Eagles,EWU,Eastern Washington Eagles,E Washington,a10022,abb4bc,236,Reese Court,Cheney,WA,8,Big Sky
276,253,Southern Utah,Thunderbirds,SUU,Southern Utah Thunderbirds,Southern Utah,c72026,000000,158,America First Events Center,Cedar City,UT,30,WAC
248,2567,SMU,Mustangs,SMU,SMU Mustangs,SMU,354ca1,cc0035,162,Moody Coliseum,Dallas,TX,2,ACC
266,2579,South Carolina,Gamecocks,SC,South Carolina Gamecocks,South Carolina,73000a,ffffff,84,Colonial Life Arena,Columbia,SC,24,SEC
254,2612,Saint Peter's,Peacocks,SPU,Saint Peter's Peacocks,Saint Peter's,004CC2,,380,Yanitelli Center,Jersey City,NJ,16,MAAC
286,183,Syracuse,Orange,SYR,Syracuse Orange,Syracuse,ff6500,000e54,88,JMA Wireless Dome,Syracuse,NY,2,ACC
262,2547,Seattle U,Redhawks,SEA,Seattle U Redhawks,Seattle U,BF2E1A,c2c3c0,313,Redhawk Center,Seattle,WA,30,WAC
176,2623,Missouri State,Bears,MOST,Missouri State Bears,Missouri St,5F0000,e8e8e8,328,Great Southern Bank Arena,Springfield,MO,19,MVC
338,222,Villanova,Wildcats,VILL,Villanova Wildcats,Villanova,00205b,13b5ea,140,Finneran Pavilion,Villanova,PA,7,Big East
334,2678,VMI,Keydets,VMI,VMI Keydets,VMI,ae122a,ffd619,32,Cameron Hall,Lexington,VA,26,SoCon
350,98,Western Kentucky,Hilltoppers,WKU,Western Kentucky Hilltoppers,Western KY,F32026,b3b5b8,122,E.A. Diddle Arena,Bowling Green,KY,13,CUSA
351,2711,Western Michigan,Broncos,WMU,Western Michigan Broncos,W Michigan,532e1f,8b7f79,254,University Arena (MI),Kalamazoo,MI,17,MAC
359,2752,Xavier,Musketeers,XAV,Xavier Musketeers,Xavier,21304e,a5a7a8,106,Cintas Center,Cincinnati,OH,7,Big East
164,2382,Mercer,Bears,MER,Mercer Bears,Mercer,ff7f29,080808,246,Hawkins Arena,Macon,GA,26,SoCon
306,399,UAlbany,Great Danes,ALB,UAlbany Great Danes,UAlbany,3D2777,ffffff,307,Broadview Center,Albany,NY,4,Am. East
223,2483,Oregon,Ducks,ORE,Oregon Ducks,Oregon,007030,fee11a,191,Matthew Knight Arena,Eugene,OR,10,Big Ten
114,47,Howard,Bison,HOW,Howard Bison,Howard,003a63,e51937,325,Burr Gymnasium,Washington,DC,18,MEAC
102,2250,Gonzaga,Bulldogs,GONZ,Gonzaga Bulldogs,Gonzaga,041e42,c8102e,316,McCarthey Athletic Center,Spokane,WA,31,WCC
149,2348,Louisiana Tech,Bulldogs,LT,Louisiana Tech Bulldogs,Louisiana Tech,002d65,d3313a,96,Thomas Assembly Center,Ruston,LA,13,CUSA
172,270,Milwaukee,Panthers,MILW,Milwaukee Panthers,Milwaukee,000000,ffc20e,391,UW-Milwaukee Panther Arena,Milwaukee,WI,14,Horizon
161,113,Massachusetts,Minutemen,MASS,Massachusetts Minutemen,UMass,880007,,75,Mullins Center,Amherst,MA,1,A-10
168,2390,Miami,Hurricanes,MIA,Miami Hurricanes,Miami,005030,f47321,80,Watsco Center,Coral Gables,FL,2,ACC
170,130,Michigan,Wolverines,MICH,Michigan Wolverines,Michigan,00274c,ffcb05,148,Crisler Center,Ann Arbor,MI,10,Big Ten
169,127,Michigan State,Spartans,MSU,Michigan State Spartans,Michigan St,18453b,ffffff,63,Breslin Center,East Lansing,MI,10,Big Ten
175,2400,Mississippi Valley State,Delta Devils,MVSU,Mississippi Valley State Delta Devils,Miss Valley St,005328,cf2d34,251,R.W. Harrison HPER Complex,Itta Bena,MS,25,SWAC
196,2450,Norfolk State,Spartans,NORF,Norfolk State Spartans,Norfolk St,0c8968,fdb813,118,Joseph G. Echols Hall,Norfolk,VA,18,MEAC
212,77,Northwestern,Wildcats,NU,Northwestern Wildcats,Northwestern,582c83,ffffff,143,Welsh-Ryan Arena,Evanston,IL,10,Big Ten
217,201,Oklahoma,Sooners,OU,Oklahoma Sooners,Oklahoma,a32036,ffffff,164,Lloyd Noble Center,Norman,OK,24,SEC
218,197,Oklahoma State,Cowboys,OKST,Oklahoma State Cowboys,Oklahoma St,000000,dddddd,175,Gallagher-Iba Arena,Stillwater,OK,6,Big 12
222,198,Oral Roberts,Golden Eagles,ORU,Oral Roberts Golden Eagles,Oral Roberts,002462,dac792,282,Mabee Center,Tulsa,OK,28,Summit
127,294,Jacksonville,Dolphins,JAX,Jacksonville Dolphins,Jacksonville,00523e,,58,Swisher Gymnasium,Jacksonville,FL,3,ASUN
179,149,Montana,Grizzlies,MONT,Montana Grizzlies,Montana,751D4A,666666,171,Dahlberg Arena,Missoula,MT,8,Big Sky
27,104,Boston University,Terriers,BU,Boston University Terriers,Boston U,cc0000,ffffff,104,Case Gym,Boston,MA,23,Patriot
123,314,Iona,Gaels,IONA,Iona Gaels,Iona,6f2c3e,f0ab00,341,Hynes Athletics Center,New Rochelle,NY,16,MAAC
58,171,Columbia,Lions,COLU,Columbia Lions,Columbia,174785,004b85,297,Levien Gymnasium,New York,NY,15,Ivy
37,2239,Cal State Fullerton,Titans,CSUF,Cal State Fullerton Titans,Fullerton,003767,ff8300,374,Titan Gym,Fullerton,CA,11,Big West
62,159,Dartmouth,Big Green,DART,Dartmouth Big Green,Dartmouth,005730,000000,70,Leede Arena,Hanover,NH,15,Ivy
69,2174,Detroit Mercy,Titans,DETM,Detroit Mercy Titans,Detroit Mercy,165b9e,d31733,47,Calihan Hall,Detroit,MI,14,Horizon
91,2230,Fordham,Rams,FOR,Fordham Rams,Fordham,830032,909090,340,Rose Hill Gym,Bronx,NY,1,A-10
245,164,Rutgers,Scarlet Knights,RUTG,Rutgers Scarlet Knights,Rutgers,d21034,ffffff,213,Jersey Mike’s Arena,Piscataway,NJ,10,Big Ten
275,2572,Southern Miss,Golden Eagles,USM,Southern Miss Golden Eagles,Southern Miss,FFAA3C,ffc423,130,Reed Green Coliseum,Hattiesburg,MS,29,Sun Belt
297,326,Texas State,Bobcats,TXST,Texas State Bobcats,Texas St,4e1719,b4975a,128,Strahan Arena at the University Events Center,San Marcos,TX,29,Sun Belt
111,107,Holy Cross,Crusaders,HC,Holy Cross Crusaders,Holy Cross,0a0a0a,080808,378,Hart Center,Worcester,MA,23,Patriot
216,194,Ohio State,Buckeyes,OSU,Ohio State Buckeyes,Ohio State,ce1141,505056,324,Schottenstein Center,Columbus,OH,10,Big Ten
261,2541,Santa Clara,Broncos,SCU,Santa Clara Broncos,Santa Clara,690b0b,101010,352,Leavey Center,Santa Clara,CA,31,WCC
289,218,Temple,Owls,TEM,Temple Owls,Temple,A80532,a7a9ac,31,Liacouras Center,Philadelphia,PA,5,American
112,2277,Houston Christian,Huskies,HCU,Houston Christian Huskies,Hou Christian,00539c,,138,Sharp Gymnasium,Houston,TX,27,Southland
2,2005,Air Force,Falcons,AFA,Air Force Falcons,Air Force,004a7b,ffffff,179,Clune Arena,Colorado Springs,CO,20,Mountain West
133,338,Kennesaw State,Owls,KENN,Kennesaw State Owls,Kennesaw St,fdbb30,000000,199,KSU Convocation Center,Kennesaw,GA,13,CUSA
94,2241,Gardner-Webb,Runnin' Bulldogs,GWEB,Gardner-Webb Runnin' Bulldogs,Gardner-Webb,c12535,909090,363,Paul Porter Arena,Boiling Springs,NC,9,Big South
106,2261,Hampton,Pirates,HAMP,Hampton Pirates,Hampton,0067AC,,52,Convocation Center (VA),Hampton,VA,12,CAA
279,2599,St. John's,Red Storm,SJU,St. John's Red Storm,St John's,d10000,101010,38,Carnesecca Arena,Queens,NY,7,Big East
134,2309,Kent State,Golden Flashes,KENT,Kent State Golden Flashes,Kent State,003976,efab00,277,M.A.C. Center,Kent,OH,17,MAC
182,2415,Morgan State,Bears,MORG,Morgan State Bears,Morgan St,014786,f47937,54,Hill Field House,Baltimore,MD,18,MEAC
184,93,Murray State,Racers,MUR,Murray State Racers,Murray St,002148,000e00,112,CFSB Center,Murray,KY,19,MVC
206,2464,Northern Arizona,Lumberjacks,NAU,Northern Arizona Lumberjacks,N Arizona,003976,1b3069,438,J. Lawrence Walkup Skydome,Flagstaff,AZ,8,Big Sky
191,167,New Mexico,Lobos,UNM,New Mexico Lobos,New Mexico,000000,231f20,169,The Pit,Albuquerque,NM,20,Mountain West
229,221,Pittsburgh,Panthers,PITT,Pittsburgh Panthers,Pitt,003263,231f20,79,Petersen Events Center,Pittsburgh,PA,2,ACC
232,2504,Prairie View A&M,Panthers,PV,Prairie View A&M Panthers,Prairie View,4d0960,,56,William Nicks Building,Prairie View,TX,25,SWAC
25,68,Boise State,Broncos,BOIS,Boise State Broncos,Boise St,0033a0,fa4616,234,ExtraMile Arena,Boise,ID,20,Mountain West
150,97,Louisville,Cardinals,LOU,Louisville Cardinals,Louisville,c9001f,000000,90,KFC Yum! Center,Louisville,KY,2,ACC
34,2086,Butler,Bulldogs,BUT,Butler Bulldogs,Butler,0d1361,00a3e0,40,Hinkle Fieldhouse,Indianapolis,IN,7,Big East
13,2032,Arkansas State,Red Wolves,ARST,Arkansas State Red Wolves,Arkansas St,e81018,000000,131,First National Bank Arena,Jonesboro,AR,29,Sun Belt
30,225,Brown,Bears,BRWN,Brown Bears,Brown,411e09,949300,319,Pizzitola Sports Center,Providence,RI,15,Ivy
42,2099,Canisius,Golden Griffins,CAN,Canisius Golden Griffins,Canisius,004a81,dda50f,302,Koessler Athletic Center,Buffalo,NY,16,MAAC
143,288,Lipscomb,Bisons,LIP,Lipscomb Bisons,Lipscomb,20366C,f6b734,305,Allen Arena,Nashville,TN,3,ASUN
64,2168,Dayton,Flyers,DAY,Dayton Flyers,Dayton,004B8D,ffffff,76,UD Arena,Dayton,OH,1,A-10
246,2545,SE Louisiana,Lions,SELA,SE Louisiana Lions,SE Louisiana,215732,ffc72c,161,Pride Roofing University Center,Hammond,LA,27,Southland
271,58,South Florida,Bulls,USF,South Florida Bulls,South Florida,004A36,231f20,337,Yuengling Center,Tampa,FL,5,American
277,179,St. Bonaventure,Bonnies,SBU,St. Bonaventure Bonnies,St Bonaventure,70261D,,73,Reilly Center,Saint Bonaventure,NY,1,A-10
292,2633,Tennessee,Volunteers,TENN,Tennessee Volunteers,Tennessee,ff8200,58595b,9,Food City Center,Knoxville,TN,24,SEC
233,2506,Presbyterian,Blue Hose,PRES,Presbyterian Blue Hose,Presbyterian,194896,990134,221,Templeton Center,Clinton,SC,9,Big South
298,2641,Texas Tech,Red Raiders,TTU,Texas Tech Red Raiders,Texas Tech,000000,da291c,201,United Supermarkets Arena,Lubbock,TX,6,Big 12
303,2655,Tulane,Green Wave,TULN,Tulane Green Wave,Tulane,006547,468ac9,102,Devlin Fieldhouse,New Orleans,LA,5,American
304,202,Tulsa,Golden Hurricane,TLSA,Tulsa Golden Hurricane,Tulsa,003595,d0b787,115,Reynolds Center,Tulsa,OK,5,American
333,2670,VCU,Rams,VCU,VCU Rams,VCU,ffaf00,000000,92,Siegel Center,Richmond,VA,1,A-10
344,265,Washington State,Cougars,WSU,Washington State Cougars,Washington St,981e32,ffffff,193,Beasley Coliseum,Pullman,WA,31,WCC
358,2751,Wyoming,Cowboys,WYO,Wyoming Cowboys,Wyoming,492f24,ffc425,177,Arena-Auditorium,Laramie,WY,20,Mountain West
361,2754,Youngstown State,Penguins,YSU,Youngstown State Penguins,Youngstown St,E51935,690717,196,Beeghly Center,Youngstown,OH,14,Horizon
110,2275,Hofstra,Pride,HOF,Hofstra Pride,Hofstra,00337c,f6c934,27,David S. Mack Sports and Exhibition Complex,Hempstead,NY,12,CAA
316,2433,UL Monroe,Warhawks,ULM,UL Monroe Warhawks,UL Monroe,231F20,b18445,157,Fant-Ewing Coliseum,Monroe,LA,29,Sun Belt
155,2363,Manhattan,Jaspers,MAN,Manhattan Jaspers,Manhattan,4f8537,b5b7ba,335,Draddy Gymnasium,Riverdale,NY,16,MAAC
159,2379,Maryland Eastern Shore,Hawks,UMES,Maryland Eastern Shore Hawks,MD Eastern,5c2301,b5b7ba,303,Hytche Center,Princess Anne,MD,18,MEAC
180,147,Montana State,Bobcats,MTST,Montana State Bobcats,Montana St,00205c,bc955c,330,Worthington Arena,Bozeman,MT,8,Big Sky
198,2448,North Carolina A&T,Aggies,NCAT,North Carolina A&T Aggies,NC A&T,0505aa,004684,41,Corbett Sports Center,Greensboro,NC,12,CAA
195,2447,Nicholls,Colonels,NICH,Nicholls Colonels,Nicholls,C41230,f0f0f0,280,David R. Stopher Gymnasium,Thibodaux,LA,27,Southland
268,2908,South Carolina Upstate,Spartans,UPST,South Carolina Upstate Spartans,SC Upstate,008545,000000,223,G.B. Hodge Center,Spartanburg,SC,9,Big South
177,142,Missouri,Tigers,MIZ,Missouri Tigers,Missouri,f1b82d,000000,286,Mizzou Arena,Columbia,MO,24,SEC
7,2016,Alcorn State,Braves,ALCN,Alcorn State Braves,Alcorn St,4b0058,46166a,440,Davey L. Whitney Complex,Lorman,MS,25,SWAC
23,2065,Bethune-Cookman,Wildcats,BCU,Bethune-Cookman Wildcats,Bethune,7b1831,e9aa12,368,Moore Gymnasium (FL),Daytona Beach,FL,25,SWAC
70,2181,Drake,Bulldogs,DRKE,Drake Bulldogs,Drake,005596,bec0c2,95,Knapp Center,Des Moines,IA,19,MVC
84,161,Fairleigh Dickinson,Knights,FDU,Fairleigh Dickinson Knights,Fair Dickinson,72293c,28334a,253,Bogota Savings Bank Center,Hackensack,NJ,21,NEC
267,2569,South Carolina State,Bulldogs,SCST,South Carolina State Bulldogs,SC State,7d1315,104897,43,Smith-Hammond-Middleton Memorial Center,Orangeburg,SC,18,MEAC
249,16,Sacramento State,Hornets,SAC,Sacramento State Hornets,Sacramento St,00573C,cdb97d,206,The Nest,Sacramento,CA,8,Big Sky
282,2617,Stephen F. Austin,Lumberjacks,SFA,Stephen F. Austin Lumberjacks,SF Austin,393996,bec0c2,154,William R. Johnson Coliseum,Nacogdoches,TX,27,Southland
283,56,Stetson,Hatters,STET,Stetson Hatters,Stetson,0a5640,56854e,83,Edmunds Center,DeLand,FL,3,ASUN
199,2428,North Carolina Central,Eagles,NCCU,North Carolina Central Eagles,NC Central,880023,c2c3c0,266,McDougald-McLendon Arena,Durham,NC,18,MEAC
309,27,UC Riverside,Highlanders,UCR,UC Riverside Highlanders,UC Riverside,14234F,,358,SRC Arena,Riverside,CA,11,Big West
322,2439,UNLV,Rebels,UNLV,UNLV Rebels,UNLV,b10202,ffffff,194,Thomas & Mack Center,Las Vegas,NV,20,Mountain West
336,238,Vanderbilt,Commodores,VAN,Vanderbilt Commodores,Vanderbilt,000000,231f20,119,Memorial Gymnasium (TN),Nashville,TN,24,SEC
341,2681,Wagner,Seahawks,WAG,Wagner Seahawks,Wagner,00483A,ffffff,294,Spiro Sports Center,Staten Island,NY,21,NEC
352,2724,Wichita State,Shockers,WICH,Wichita State Shockers,Wichita St,0d0a03,ffc41e,308,Charles Koch Arena,Wichita,KS,5,American
45,2117,Central Michigan,Chippewas,CMU,Central Michigan Chippewas,C Michigan,6a0032,ffc82e,256,McGuirk Arena,Mount Pleasant,MI,17,MAC
98,61,Georgia,Bulldogs,UGA,Georgia Bulldogs,Georgia,ba0c2f,ffffff,110,Stegeman Coliseum,Athens,GA,24,SEC
99,290,Georgia Southern,Eagles,GASO,Georgia Southern Eagles,GA Southern,003775,f0f0f0,67,Hanner Fieldhouse,Statesboro,GA,29,Sun Belt
208,2459,Northern Illinois,Huskies,NIU,Northern Illinois Huskies,N Illinois,F1122C,cc0000,255,NIU Convocation Center,Dekalb,IL,17,MAC
332,3084,Utah Valley,Wolverines,UVU,Utah Valley Wolverines,Utah Valley,004812,e1c736,116,UCCU Center,Orem,UT,30,WAC
121,84,Indiana,Hoosiers,IU,Indiana Hoosiers,Indiana,990000,edebeb,212,Simon Skjodt Assembly Hall,Bloomington,IN,10,Big Ten
152,2352,Loyola Maryland,Greyhounds,L-MD,Loyola Maryland Greyhounds,Loyola MD,76a7a0,c9cbca,61,Reitz Arena,Baltimore,MD,23,Patriot
173,135,Minnesota,Golden Gophers,MINN,Minnesota Golden Gophers,Minnesota,5e0a2f,fab41c,231,Williams Arena,Minneapolis,MN,10,Big Ten
174,344,Mississippi State,Bulldogs,MSST,Mississippi State Bulldogs,Mississippi St,5d1725,c1c6c8,109,Humphrey Coliseum,Starkville,MS,24,SEC
22,2057,Belmont,Bruins,BEL,Belmont Bruins,Belmont,182142,c9262d,101,Curb Event Center Arena,Nashville,TN,19,MVC
88,526,Florida Gulf Coast,Eagles,FGCU,Florida Gulf Coast Eagles,FGCU,00885a,076c3b,346,Alico Arena,Fort Myers,FL,3,ASUN
14,2029,Arkansas-Pine Bluff,Golden Lions,UAPB,Arkansas-Pine Bluff Golden Lions,AR-Pine Bluff,e0aa0f,eaaa00,229,H.O. Clemmons Arena,Pine Bluff,AR,25,SWAC
33,2084,Buffalo,Bulls,BUF,Buffalo Bulls,Buffalo,041A9B,ebebeb,284,Alumni Arena,Buffalo,NY,17,MAC
18,252,BYU,Cougars,BYU,BYU Cougars,BYU,003da5,ffffff,204,Marriott Center,Provo,UT,6,Big 12
79,2199,Eastern Michigan,Eagles,EMU,Eastern Michigan Eagles,E Michigan,00331b,f0f0f0,265,Gervin GameAbove Center,Ypsilanti,MI,17,MAC
86,2226,Florida Atlantic,Owls,FAU,Florida Atlantic Owls,FAU,00447c,d31245,276,Eleanor R. Baldwin Arena,Boca Raton,FL,5,American
257,21,San Diego State,Aztecs,SDSU,San Diego State Aztecs,San Diego St,c41230,000000,238,Viejas Arena,San Diego,CA,20,Mountain West
36,2934,Cal State Bakersfield,Roadrunners,CSUB,Cal State Bakersfield Roadrunners,Bakersfield,003BAB,,243,Icardo Center,Bakersfield,CA,11,Big West
290,2634,Tennessee State,Tigers,TNST,Tennessee State Tigers,Tennessee St,171796,f0f0f0,155,Gentry Center,Nashville,TN,22,OVC
293,245,Texas A&M,Aggies,TA&M,Texas A&M Aggies,Texas A&M,500000,ffffff,262,Reed Arena,College Station,TX,24,SEC
328,2636,UTSA,Roadrunners,UTSA,UTSA Roadrunners,UTSA,002A5C,f47321,137,UTSA Convocation Center,San Antonio,TX,5,American
300,2649,Toledo,Rockets,TOL,Toledo Rockets,Toledo,0a2240,ffcd00,345,Savage Arena,Toledo,OH,17,MAC
327,2638,UTEP,Miners,UTEP,UTEP Miners,UTEP,ff8200,041e42,166,Don Haskins Center,El Paso,TX,13,CUSA
337,261,Vermont,Catamounts,UVM,Vermont Catamounts,Vermont,154734,ffc72c,376,Patrick Gymnasium,Burlington,VT,4,Am. East
340,259,Virginia Tech,Hokies,VT,Virginia Tech Hokies,Virginia Tech,630031,cf4520,151,Cassell Coliseum,Blacksburg,VA,2,ACC
342,154,Wake Forest,Demon Deacons,WAKE,Wake Forest Demon Deacons,Wake Forest,000000,ceb888,153,LJVM Coliseum,Winston-Salem,NC,2,ACC
203,2454,North Florida,Ospreys,UNF,North Florida Ospreys,North Florida,004B8D,babcbe,257,UNF Arena,Jacksonville,FL,3,ASUN
96,45,George Washington,Revolutionaries,GW,George Washington Revolutionaries,G Washington,002843,e8d2a1,136,Charles E. Smith Center,Washington,DC,1,A-10
113,248,Houston,Cougars,HOU,Houston Cougars,Houston,c92a39,ffffff,3,Fertitta Center,Houston,TX,6,Big 12
118,356,Illinois,Fighting Illini,ILL,Illinois Fighting Illini,Illinois,ff5f05,13294b,149,State Farm Center,Champaign,IL,10,Big Ten
329,328,Utah State,Aggies,USU,Utah State Aggies,Utah State,00263a,949ca1,235,Dee Glen Smith Spectrum,Logan,UT,20,Mountain West
128,55,Jacksonville State,Gamecocks,JVST,Jacksonville State Gamecocks,Jax State,b50500,b5b7ba,23,Pete Mathews Coliseum,Jacksonville,AL,13,CUSA
132,2306,Kansas State,Wildcats,KSU,Kansas State Wildcats,Kansas St,3c0969,e2e3e4,202,Bramlage Coliseum,Manhattan,KS,6,Big 12
138,322,Lafayette,Leopards,LAF,Lafayette Leopards,Lafayette,790000,a59474,338,Kirby Sports Center,Easton,PA,23,Patriot
160,120,Maryland,Terrapins,MD,Maryland Terrapins,Maryland,D5002B,ffcd00,86,XFINITY Center,College Park,MD,10,Big Ten
167,193,Miami (OH),RedHawks,M-OH,Miami (OH) RedHawks,Miami OH,a4000c,f0f0f0,295,Millett Hall,Oxford,OH,17,MAC
215,195,Ohio,Bobcats,OHIO,Ohio Bobcats,Ohio,295A29,e4bb85,309,Convocation Center (OH),Athens,OH,17,MAC
230,2501,Portland,Pilots,PORT,Portland Pilots,Portland,330072,a8b3ba,237,Chiles Center,Portland,OR,31,WCC
9,2026,App State,Mountaineers,APP,App State Mountaineers,App State,000000,ffcd00,36,Holmes Convocation Center,Boone,NC,29,Sun Belt
77,2197,Eastern Illinois,Panthers,EIU,Eastern Illinois Panthers,E Illinois,000000,bebab9,230,Groniger Arena,Charleston,IL,22,OVC
146,112358,Long Island University,Sharks,LIU,Long Island University Sharks,Long Island,50c9f7,ffbf00,293,Steinberg Wellness Center,Brooklyn,NY,21,NEC
141,2329,Lehigh,Mountain Hawks,LEH,Lehigh Mountain Hawks,Lehigh,6c2b2a,b69e70,382,Stabler Arena,Bethlehem,PA,23,Patriot
12,8,Arkansas,Razorbacks,ARK,Arkansas Razorbacks,Arkansas,a41f35,ffffff,211,Bud Walton Arena,Fayetteville,AR,24,SEC
53,325,Cleveland State,Vikings,CLE,Cleveland State Vikings,Cleveland St,006633,231f20,217,Wolstein Center,Cleveland,OH,14,Horizon
44,2115,Central Connecticut,Blue Devils,CCSU,Central Connecticut Blue Devils,C Connecticut,1B49A2,d1d5d8,326,Detrick Gymnasium,New Britain,CT,21,NEC
49,236,Chattanooga,Mocs,UTC,Chattanooga Mocs,Chattanooga,00386b,dca71d,355,McKenzie Arena,Chattanooga,TN,26,SoCon
278,2598,St. Francis (PA),Red Flash,SFPA,St. Francis (PA) Red Flash,St Francis PA,a20012,,381,DeGol Arena,Loretto,PA,21,NEC
251,2603,Saint Joseph's,Hawks,JOES,Saint Joseph's Hawks,Saint Joseph's,C2071B,101010,93,Michael J. Hagan '85 Arena,Philadelphia,PA,1,A-10
291,2635,Tennessee Tech,Golden Eagles,TNTC,Tennessee Tech Golden Eagles,Tennessee Tech,5A4099,ffde00,258,Hooper Eblen Center,Cookeville,TN,22,OVC
326,292,UT Rio Grande Valley,Vaqueros,RGV,UT Rio Grande Valley Vaqueros,UT Rio Grande,dc6000,e1732d,322,UTRGV Fieldhouse,Edinburg,TX,27,Southland
299,2643,The Citadel,Bulldogs,CIT,The Citadel Bulldogs,The Citadel,002b5c,f0f0f0,247,McAlister Field House,Charleston,SC,26,SoCon
305,5,UAB,Blazers,UAB,UAB Blazers,UAB,054338,ffc845,103,Bartow Arena,Birmingham,AL,5,American
321,350,UNC Wilmington,Seahawks,UNCW,UNC Wilmington Seahawks,UNC Wilmington,00665e,ffda00,51,Trask Coliseum,Wilmington,NC,12,CAA
335,2674,Valparaiso,Beacons,VAL,Valparaiso Beacons,Valparaiso,794500,,283,Athletics-Recreation Center,Valparaiso,IN,19,MVC
178,2405,Monmouth,Hawks,MONM,Monmouth Hawks,Monmouth,051844,,433,OceanFirst Bank Center,West Long Branch,NJ,12,CAA
59,2154,Coppin State,Eagles,COPP,Coppin State Eagles,Coppin St,2e3192,ffd204,298,Physical Education Complex,Baltimore,MD,18,MEAC
296,2640,Texas Southern,Tigers,TXSO,Texas Southern Tigers,Texas Southern,860038,ffffff,218,H&PE Arena,Houston,TX,25,SWAC
93,231,Furman,Paladins,FUR,Furman Paladins,Furman,582c83,ffffff,379,Timmons Arena,Greenville,SC,26,SoCon
95,2244,George Mason,Patriots,GMU,George Mason Patriots,George Mason,016600,ecb010,77,EagleBank Arena,Fairfax,VA,1,A-10
207,2458,Northern Colorado,Bears,UNCO,Northern Colorado Bears,N Colorado,13558D,ffc533,188,Bank of Colorado Arena,Greeley,CO,8,Big Sky
122,282,Indiana State,Sycamores,INST,Indiana State Sycamores,Indiana St,00669a,f0f0f0,250,Hulman Center,Terre Haute,IN,19,MVC
131,2305,Kansas,Jayhawks,KU,Kansas Jayhawks,Kansas,0051ba,e8000d,1,Allen Fieldhouse,Lawrence,KS,6,Big 12
153,2351,Loyola Marymount,Lions,LMU,Loyola Marymount Lions,LMU,880029,00345b,183,Gersten Pavilion,Los Angeles,CA,31,WCC
181,2413,Morehead State,Eagles,MORE,Morehead State Eagles,Morehead St,094FA3,fed91a,216,Ellis T. Johnson Arena,Morehead,KY,22,OVC
183,116,Mount St. Mary's,Mountaineers,MSM,Mount St. Mary's Mountaineers,Mount St Marys,005596,ebebeb,46,Knott Arena,Emmitsburg,MD,16,MAAC
187,2426,Navy,Midshipmen,NAVY,Navy Midshipmen,Navy,00225b,b5a67c,272,Alumni Hall (Navy),Annapolis,MD,23,Patriot
194,315,Niagara,Purple Eagles,NIA,Niagara Purple Eagles,Niagara,69207E,f0f0f0,39,Gallagher Center,Niagara Falls,NY,16,MAAC
214,2473,Oakland,Golden Grizzlies,OAK,Oakland Golden Grizzlies,Oakland,04091c,bc955c,45,OU Credit Union O'rena,Rochester,MI,14,Horizon
240,227,Rhode Island,Rams,URI,Rhode Island Rams,Rhode Island,091f3f,5ab3e8,135,Thomas M. Ryan Center,Kingston,RI,1,A-10
144,2031,Little Rock,Trojans,LR,Little Rock Trojans,Little Rock,AD0000,898d8f,111,Jack Stephens Center,Little Rock,AR,22,OVC
31,2803,Bryant,Bulldogs,BRY,Bryant Bulldogs,Bryant,000000,9f8343,123,Chace Athletic Center,Smithfield,RI,4,Am. East
15,349,Army,Black Knights,ARMY,Army Black Knights,Army,ce9c00,231f20,125,Christl Arena,West Point,NY,23,Patriot
47,2127,Charleston Southern,Buccaneers,CHSO,Charleston Southern Buccaneers,Charleston So,2e3192,ded090,327,Buccaneer Fieldhouse,Charleston,SC,9,Big South
55,2142,Colgate,Raiders,COLG,Colgate Raiders,Colgate,821019,ffffff,198,Cotterell Court,Hamilton,NY,23,Patriot
265,6,South Alabama,Jaguars,USA,South Alabama Jaguars,South Alabama,003E7E,,129,Mitchell Center,Mobile,AL,29,Sun Belt
287,2628,TCU,Horned Frogs,TCU,TCU Horned Frogs,TCU,4d1979,f1f2f3,150,Schollmaier Arena,Fort Worth,TX,6,Big 12
331,254,Utah,Utes,UTAH,Utah Utes,Utah,ea002a,ffffff,173,Jon M. Huntsman Center,Salt Lake City,UT,6,Big 12
345,2692,Weber State,Wildcats,WEB,Weber State Wildcats,Weber St,18005a,ebebeb,174,Dee Events Center,Ogden,UT,8,Big Sky
347,277,West Virginia,Mountaineers,WVU,West Virginia Mountaineers,West Virginia,002855,eaaa00,87,WVU Coliseum,Morgantown,WV,6,Big 12
353,2729,William & Mary,Tribe,W&M,William & Mary Tribe,William & Mary,103217,f6b220,50,Kaplan Arena,Williamsburg,VA,12,CAA
74,151,East Carolina,Pirates,ECU,East Carolina Pirates,East Carolina,4b1869,f0907b,55,Minges Coliseum,Greenville,NC,5,American
3,2006,Akron,Zips,AKR,Akron Zips,Akron,00285e,84754e,279,James A. Rhodes Arena,Akron,OH,17,MAC
6,2011,Alabama State,Hornets,ALST,Alabama State Hornets,Alabama St,e9a900,0a0a0a,373,Dunn-Oliver Acadome,Montgomery,AL,25,SWAC
85,50,Florida A&M,Rattlers,FAMU,Florida A&M Rattlers,Florida A&M,F89728,00843d,392,Al Lawson Center,Tallahassee,FL,25,SWAC
101,59,Georgia Tech,Yellow Jackets,GT,Georgia Tech Yellow Jackets,Georgia Tech,003057,b3a369,228,McCamish Pavilion,Atlanta,GA,2,ACC
56,38,Colorado,Buffaloes,COLO,Colorado Buffaloes,Colorado,000000,cfb87c,176,CU Events Center,Boulder,CO,6,Big 12
32,2083,Bucknell,Bison,BUCK,Bucknell Bison,Bucknell,000060,00316e,344,Sojka Pavilion,Lewisburg,PA,23,Patriot
107,108,Harvard,Crimson,HARV,Harvard Crimson,Harvard,990000,dbdbdb,29,Lavietes Pavilion,Cambridge,MA,15,Ivy
274,2582,Southern,Jaguars,SOU,Southern Jaguars,Southern,004B97,ffc82d,372,F.G. Clark Activity Center,Baton Rouge,LA,25,SWAC
294,357,Texas A&M-Corpus Christi,Islanders,AMCC,Texas A&M-Corpus Christi Islanders,Texas A&M-CC,0067c5,007f3e,404,American Bank Center,Corpus Christi,TX,27,Southland
307,302,UC Davis,Aggies,UCD,UC Davis Aggies,UC Davis,002855,c3c4c6,342,University Credit Union Center,Davis,CA,11,Big West
89,2229,Florida International,Panthers,FIU,Florida International Panthers,FIU,091731,c5960c,353,Ocean Bank Convocation Center,Miami,FL,13,CUSA
28,189,Bowling Green,Falcons,BGSU,Bowling Green Falcons,Bowling Green,2b1000,492000,278,Stroh Center,Bowling Green,OH,17,MAC
285,2619,Stony Brook,Seawolves,STBK,Stony Brook Seawolves,Stony Brook,990000,,370,Island FCU Arena,Stony Brook,NY,12,CAA
82,339,Evansville,Purple Aces,EVAN,Evansville Purple Aces,Evansville,663399,ef6f00,296,Ford Center,Evansville,IN,19,MVC
319,2427,UNC Asheville,Bulldogs,UNCA,UNC Asheville Bulldogs,UNC Asheville,003da5,ffffff,413,Kimmel Arena,Asheville,NC,9,Big South
324,250,UT Arlington,Mavericks,UTA,UT Arlington Mavericks,UT Arlington,004b7c,f58024,21,College Park Center,Arlington,TX,30,WAC
26,103,Boston College,Eagles,BC,Boston College Eagles,Boston College,8c2232,dbcca6,152,Conte Forum,Chestnut Hill,MA,2,ACC
235,2507,Providence,Friars,PROV,Providence Friars,Providence,000000,a3a19e,82,Amica Mutual Pavilion,Providence,RI,7,Big East
357,2750,Wright State,Raiders,WRST,Wright State Raiders,Wright St,cba052,cba052,215,Nutter Center,Dayton,OH,14,Horizon
63,2166,Davidson,Wildcats,DAV,Davidson Wildcats,Davidson,000000,e51837,59,John M. Belk Arena,Davidson,NC,1,A-10
51,2132,Cincinnati,Bearcats,CIN,Cincinnati Bearcats,Cincinnati,000000,717073,14,Fifth Third Arena,Cincinnati,OH,6,Big 12
200,153,North Carolina,Tar Heels,UNC,North Carolina Tar Heels,North Carolina,7bafd4,13294b,7,Dean E. Smith Center,Chapel Hill,NC,2,ACC
48,2429,Charlotte,49ers,CLT,Charlotte 49ers,Charlotte,ffffff,cfab7a,134,Halton Arena,Charlotte,NC,5,American
348,2717,Western Carolina,Catamounts,WCU,Western Carolina Catamounts,W Carolina,492F91,bf9e70,98,Ramsey Center,Cullowhee,NC,26,SoCon
135,96,Kentucky,Wildcats,UK,Kentucky Wildcats,Kentucky,0033a0,ffffff,17,Rupp Arena,Lexington,KY,24,SEC
213,87,Notre Dame,Fighting Irish,ND,Notre Dame Fighting Irish,Notre Dame,0c2340,c99700,225,Purcell Pavilion,South Bend,IN,2,ACC
19,2050,Ball State,Cardinals,BALL,Ball State Cardinals,Ball State,DA0000,ffffff,269,Worthen Arena,Muncie,IN,17,MAC
320,2430,UNC Greensboro,Spartans,UNCG,UNC Greensboro Spartans,UNC Greensboro,003559,ffd90a,57,First Horizon Coliseum,Greensboro,NC,26,SoCon
130,140,Kansas City,Roos,KC,Kansas City Roos,Kansas City,004b87,ffc72c,48,Swinney Center,Kansas City,MO,28,Summit
120,2916,Incarnate Word,Cardinals,UIW,Incarnate Word Cardinals,Incarnate Word,000000,080808,267,McDermott Center,San Antonio,TX,27,Southland
104,2253,Grand Canyon,Lopes,GCU,Grand Canyon Lopes,Grand Canyon,522398,ffffff,168,Global Credit Union Arena,Phoenix,AZ,30,WAC
61,156,Creighton,Bluejays,CREI,Creighton Bluejays,Creighton,005ca9,6cadde,210,CHI Health Center Omaha,Omaha,NE,7,Big East
66,48,Delaware,Blue Hens,DEL,Delaware Blue Hens,Delaware,033594,e8ce31,35,Bob Carpenter Center,Newark,DE,12,CAA
273,79,Southern Illinois,Salukis,SIU,Southern Illinois Salukis,S Illinois,85283D,c2c3c0,281,Banterra Center,Carbondale,IL,19,MVC
256,2535,Samford,Bulldogs,SAM,Samford Bulldogs,Samford,005485,bc0023,97,Pete Hanna Center,Homewood,AL,26,SoCon
260,23,San José State,Spartans,SJSU,San José State Spartans,San José St,005893,fdba31,185,Provident Credit Union Event Center,San Jose,CA,20,Mountain West
349,2710,Western Illinois,Leathernecks,WIU,Western Illinois Leathernecks,W Illinois,4e1e8a,ffc90a,350,Western Hall,Macomb,IL,22,OVC
54,324,Coastal Carolina,Chanticleers,CCU,Coastal Carolina Chanticleers,Coastal Car,007073,876447,64,The HTC Center,Conway,SC,29,Sun Belt
312,2116,UCF,Knights,UCF,UCF Knights,UCF,000000,b4a269,10,Addition Financial Arena,Orlando,FL,6,Big 12
318,2349,UMass Lowell,River Hawks,UML,UMass Lowell River Hawks,UMass Lowell,00529C,cf1f2f,34,Costello Athletic Center,Lowell,MA,4,Am. East
242,257,Richmond,Spiders,RICH,Richmond Spiders,Richmond,9e0712,b90b2e,224,Robins Center,Richmond,VA,1,A-10
302,2653,Troy,Trojans,TROY,Troy Trojans,Troy,AE0210,88898c,65,Trojan Arena,Troy,AL,29,Sun Belt
1,2000,Abilene Christian,Wildcats,ACU,Abilene Christian Wildcats,Abilene Chrstn,592d82,b1b3b3,159,Moody Coliseum (Abilene),Abilene,TX,30,WAC
39,2856,California Baptist,Lancers,CBU,California Baptist Lancers,CA Baptist,000080,,189,Dale E. and Sarah Ann Fowler Events Center,Riverside,CA,30,WAC
188,158,Nebraska,Cornhuskers,NEB,Nebraska Cornhuskers,Nebraska,d00000,ffffff,147,Pinnacle Bank Arena,Lincoln,NE,10,Big Ten
255,2534,Sam Houston,Bearkats,SHSU,Sam Houston Bearkats,Sam Houston,fe5000,000000,386,Bernard G. Johnson Coliseum,Huntsville,TX,13,CUSA
301,119,Towson,Tigers,TOW,Towson Tigers,Towson,FFC229,,270,TU Arena,Towson,MD,12,CAA
154,311,Maine,Black Bears,ME,Maine Black Bears,Maine,127dbe,,214,The Pit in Memorial Gymnasium,Orono,ME,4,Am. East
75,2193,East Tennessee State,Buccaneers,ETSU,East Tennessee State Buccaneers,ETSU,002d61,ffc423,72,Freedom Hall (TN),Johnson City,TN,26,SoCon
115,85,IU Indianapolis,Jaguars,IUIN,IU Indianapolis Jaguars,IU Indy,A81F30,d59f0f,19,Corteva Coliseum,Indianapolis,IN,14,Horizon
221,2437,Omaha,Mavericks,OMA,Omaha Mavericks,Omaha,e3193e,,113,Baxter Arena,Omaha,NE,28,Summit
220,145,Ole Miss,Rebels,MISS,Ole Miss Rebels,Ole Miss,13294b,c8102e,18,The Sandy and John Black Pavilion at Ole Miss,Oxford,MS,24,SEC
186,2885,NJIT,Highlanders,NJIT,NJIT Highlanders,NJIT,EE3024,df3e2e,62,Joel & Diane Bloom Wellness and Events Center,Newark,NJ,4,Am. East
356,2747,Wofford,Terriers,WOF,Wofford Terriers,Wofford,533B22,f0f0f0,26,Jerry Richardson Indoor Stadium,Spartanburg,SC,26,SoCon
65,305,DePaul,Blue Demons,DEP,DePaul Blue Demons,DePaul,2d649c,ce1125,141,Wintrust Arena,Chicago,IL,7,Big East
269,233,South Dakota,Coyotes,SDAK,South Dakota Coyotes,South Dakota,CD1241,f0f0f0,170,Sanford Coyote Sports Center,Vermillion,SD,28,Summit
202,2449,North Dakota State,Bison,NDSU,North Dakota State Bison,N Dakota St,01402A,ffffff,114,Scheels Center,Fargo,ND,28,Summit
244,2523,Robert Morris,Colonials,RMU,Robert Morris Colonials,Robert Morris,00214D,a21d2b,317,UPMC Events Center,Moon Township,PA,14,Horizon
81,2210,Elon,Phoenix,ELON,Elon Phoenix,Elon,020303,b59a57,311,Schar Center,Elon,NC,12,CAA
157,269,Marquette,Golden Eagles,MARQ,Marquette Golden Eagles,Marquette,003366,ffcc00,12,Fiserv Forum,Milwaukee,WI,7,Big East
197,2453,North Alabama,Lions,UNA,North Alabama Lions,North Alabama,663399,,242,Flowers Hall,Florence,AL,3,ASUN
162,2377,McNeese,Cowboys,MCN,McNeese Cowboys,McNeese,00529C,,260,Legacy Center,Lake Charles,LA,27,Southland
317,2378,UMBC,Retrievers,UMBC,UMBC Retrievers,UMBC,000000,ad860a,24,Chesapeake Employers Insurance Arena,Baltimore,MD,4,Am. East
231,2502,Portland State,Vikings,PRST,Portland State Vikings,Portland St,00311e,ebebeb,261,Viking Pavilion,Portland,OR,8,Big Sky
166,2771,Merrimack,Warriors,MRMK,Merrimack Warriors,Merrimack,2f4f93,e8c535,306,Hammel Court,North Andover,MA,16,MAAC
366,2815,Lindenwood,Lions,LIN,Lindenwood Lions,Lindenwood,101820,B5A36A,248,Hyland Arena,Saint Charles,MO,22,OVC
310,28,UC San Diego,Tritons,UCSD,UC San Diego Tritons,UC San Diego,182B49,FFCD00,315,LionTree Arena,San Diego,CA,11,Big West
21,91,Bellarmine,Knights,BELL,Bellarmine Knights,Bellarmine,000000,,299,Knights Hall,Louisville,KY,3,ASUN
288,2627,Tarleton State,Texans,TAR,Tarleton State Texans,Tarleton St,000000,,310,Wisdom Gym,Stephenville,TX,30,WAC
330,3101,Utah Tech,Trailblazers,UTU,Utah Tech Trailblazers,Utah Tech,000000,,314,Burns Arena,St. George,UT,30,WAC
129,256,James Madison,Dukes,JMU,James Madison Dukes,James Madison,450084,b5a068,66,Atlantic Union Bank Center,Harrisonburg,VA,29,Sun Belt
109,2272,High Point,Panthers,HPU,High Point Panthers,High Point,b0b7bc,ebebeb,222,Qubein Center,High Point,NC,9,Big South
142,2335,Liberty,Flames,LIB,Liberty Flames,Liberty,071740,a61f21,339,Liberty Arena,Lynchburg,VA,13,CUSA
325,2630,UT Martin,Skyhawks,UTM,UT Martin Skyhawks,UT Martin,FF6700,102a5c,241,Kathleen and Tom Elam Center,Martin,TN,22,OVC
280,2900,St. Thomas-Minnesota,Tommies,STMN,St. Thomas-Minnesota Tommies,St Thomas (MN),000000,,165,Schoenecker Arena,Saint Paul,MN,28,Summit
117,70,Idaho,Vandals,IDHO,Idaho Vandals,Idaho,000000,8c6e4a,172,ICCU Arena,Moscow,ID,8,Big Sky
295,251,Texas,Longhorns,TEX,Texas Longhorns,Texas,c15d26,ffffff,263,Moody Center,Austin,TX,24,SEC
76,2837,East Texas A&M,Lions,ETAM,East Texas A&M Lions,East Texas A&M,000000,,348,The Field House,Commerce,TX,27,Southland
365,88,Southern Indiana,Screaming Eagles,USI,Southern Indiana Screaming Eagles,So Indiana,CF102D,002D5D,259,Screaming Eagles Arena,Evansville,IN,22,OVC
284,284,Stonehill,Skyhawks,STO,Stonehill Skyhawks,Stonehill,000000,,28,Merkert Gymnasium,South Easton,MA,21,NEC
362,2511,Queens University,Royals,QUC,Queens University Royals,Queens,192C66,857040,85,Curry Arena,Charlotte,NC,3,ASUN
100,2247,Georgia State,Panthers,GAST,Georgia State Panthers,Georgia St,1e539a,ebebeb,69,GSU Convocation Center,Atlanta,GA,29,Sun Belt
83,2217,Fairfield,Stags,FAIR,Fairfield Stags,Fairfield,000000,ebebeb,362,Leo D. Mahoney Arena,Fairfield,CT,16,MAAC
4,2010,Alabama A&M,Bulldogs,AAMU,Alabama A&M Bulldogs,Alabama A&M,790000,ffffff,245,Event Center,Huntsville,AL,25,SWAC
17,2046,Austin Peay,Governors,APSU,Austin Peay Governors,Austin Peay,8e0b0b,,124,F&M Bank Arena,Clarksville,TN,3,ASUN
20,239,Baylor,Bears,BAY,Baylor Bears,Baylor,154734,ffb81c,332,Foster Pavilion,Waco,TX,6,Big 12
140,2330,Le Moyne,Dolphins,LEM,Le Moyne Dolphins,Le Moyne,,,220,Ted Grant Court,Syracuse,NY,21,NEC
147,2344,Longwood,Lancers,LONG,Longwood Lancers,Longwood,003273,9ea2a3,105,Joan Perry Brock Center,Farmville,VA,9,Big South
346,2698,West Georgia,Wolves,WGA,West Georgia Wolves,West Georgia,0033a1,db1a21,375,The Coliseum,Carrollton,GA,3,ASUN
165,2385,Mercyhurst,Lakers,MERC,Mercyhurst Lakers,Mercyhurst,000000,,300,Mercyhurst Athletic Center,Erie,PA,21,NEC
270,2571,South Dakota State,Jackrabbits,SDST,South Dakota State Jackrabbits,S Dakota St,0033a0,ffd100,287,First Bank & Trust Arena,Brookings,SD,28,Summit
137,2325,La Salle,Explorers,LAS,La Salle Explorers,La Salle,003356,ffce00,94,John Glaser Arena,Philadelphia,PA,1,A-10
